,OT REPORT - CITYWIDE BY UNIT 1/1/2017 - 12/31/2017,
January,"GRAND TOTAL: 12,604,491.47",
,,
001,District Law Enforcement,"364,346.60"
002,District Law Enforcement,"200,505.43"
003,Human Resources Division,"132,619.71"
004,District Law Enforcement,"266,572.44"
005,District Law Enforcement,"296,868.08"
006,Gang Team Area 2,"176,449.08"
007,Forensic Services Unit,"266,649.29"
008,District Law Enforcement,"314,045.02"
009,District Law Enforcement,"273,156.97"
010,District Law Enforcement,"258,493.89"
Oil,District Law Enforcement,"256,840.09"
012,District Law Enforcement,"226,285.44"
014,District Law Enforcement,"175,148.14"
015,District Law Enforcement,"231,032.44"
016,District Law Enforcement,"175,996.20"
017,District Law Enforcement,"153,853.84"
018,District Law Enforcement,"238,365.09"
019,District Law Enforcement,"183,760.74"
020,District Law Enforcement,"162,435.00"
022,District Law Enforcement,"174,012.17"
024,District Law Enforcement,"127,321.88"
025,District Law Enforcement,"263,436.49"
045,Gang Team Area 2,"2,387.32"
050,District Law Enforcement,"289,916.32"
051,Airport Law Enforcement - South,"73,343.37"
055,District Law Enforcement,"24,931.02"
057,Traffic Section-Detail Unit,"49,055.92"
059,Marine Unit,"32,052.76"
060,Helicopter Unit,"11,287.42"
079,Narcotics Division,"88,236.85"
102,District Law Enforcement,"11,534.25"
111,District Law Enforcement,"10,269.00"
114,Off. Deputy Chief A/2,"14,885.64"
115,Bureau of Internal Affairs,"27,159.32"
116,Deployment Operations Center,"56,586.78"
120,Narcotics Division,"5,298.36"
121,Detective Div. - Area 2,"105,676.25"
122,Finance Division,"3,385.51"
123,District Law Enforcement,"119,713.04"
124,District Law Enforcement,"239,100.69"
125,Public Safety Information Technology (PSIT),"32,710.90"
126,District Law Enforcement,"6,338.12"
127,District Law Enforcement,"19,546.48"
128,District Law Enforcement,"2,139.35"
129,District Law Enforcement,301.81
130,Bureau of Organizational Development,"2,034.14"
131,Education & Training Division,250.98
133,District Law Enforcement,"14,521.05"
134,Gang Enforcement Divison,"1,891.10"
135,Off. Deputy Chief A/l,"5,889.91"
136,District Law Enforcement,"2,982.95"
140,Office of the First Deputy Superintendent,"4,627.26"
141,Special Functions Division,"2,949.00"
142,District Law Enforcement,"18,920.39"
143,District Law Enforcement,"7,054.91"
,,
,OT REPORT - CITYWIDE BY UNIT 1/1/2017 - 12/31/2017,
January,"GRAND TOTAL: 12,604,491.47",
,,
145,Traffic Administration Unit,"86,452.76"
153,Special Functions Support,"71,760.06"
161,Off. Deputy Chief A/2,"14,176.75"
163,Records Inquiry Section,"7,076.34"
166,Juvenile Intervention Support Center(JISC),"27,663.85"
167,Evidence and Recovered Property Section,"3,521.07"
169,District Law Enforcement,"5,084.56"
171,Central Detention Unit,"55,073.05"
172,District Law Enforcement,"1,615.74"
177,Forensic Services Division,"75,125.66"
180,Bureau Of Detectives - Administration,"52,156.27"
181,Detective Div. - Area 3,"72,486.23"
184,Special Investigations Unit,"10,542.61"
187,Detective Div. - Area 1,"24,167.39"
188,District Law Enforcement,"5,798.38"
189,Narcotics Division,"949,217.63"
191,Narcotics Division,"190,182.30"
192,VICE,"54,519.52"
193,Gang Enforcement Divison,"346,718.59"
195,Narcotics Division,"77,667.87"
196,Asset Forfeiture Section,"36,962.69"
211,District Law Enforcement,"281,981.19"
212,District Law Enforcement,"138,952.21"
213,District Law Enforcement,"185,180.02"
222,District Law Enforcement,"6,044.73"
231,District Law Enforcement,67.32
241,District Law Enforcement,"7,746.04"
261,Court Section,"10,297.40"
277,Forensic Services Unit,"141,853.26"
311,District Law Enforcement,"154,665.56"
312,Off. Deputy Chief AJ2,"219,483.61"
313,District Law Enforcement,"159,408.93"
341,Gang Team Area 3,"41,709.40"
353,Special Weapons & Tactical Unit,"164,708.24"
376,Airport Law Enforcement - North,"70,542.42"
384,Juvenile Intervention Support Center(JISC),"33,973.30"
441,Special Activities Section,"6,613.81"
442,Bomb Unit,"52,723.37"
541,Special Weapons & Tactical Unit,"1,683.06"
542,Special Weapons & Tactical Unit,"60,553.78"
543,Airport Law Enforcement - North,"14,981.66"
545,District Law Enforcement,"1,447.02"
602,District Law Enforcement,"7,781.71"
603,Bomb and Arson Division,"46,563.01"
604,Detective Div. - Area 1,"48,749.06"
606,Detective Div. - Area 2,"243,988.68"
608,Off. Deputy Chief A/2,"58,402.22"
610,Detective Div. - Area 1,"731,389.09"
620,Detective Div. - Area 2,"567,176.51"
630,Gang Enforcement Divison,"610,147.70"
701,District Law Enforcement,"105,320.20"
702,CTA Security Unit,"3,416.57"
704,Public Transportation Section,"34,267.42"
711,District Law Enforcement,508.89
720,District Law Enforcement,"2,500.90"
,,
001,Detective Div. - Area 1,"287,456.77"
002,Detective Div. - Area 1,"151,613.49"
003,District Law Enforcement,"126,993.72"
004,District Law Enforcement,"212,737.77"
005,District Law Enforcement,"312,768.69"
006,District Law Enforcement,"168,338.56"
007,District Law Enforcement,"219,090.44"
008,District Law Enforcement,"208,238.71"
009,District Law Enforcement,"230,606.90"
010,District Law Enforcement,"253,269.09"
Oil,District Law Enforcement,"241,476.92"
012,District Law Enforcement,"155,875.57"
014,District Law Enforcement,"141,071.90"
015,Off. Deputy Chief A/3,"193,040.37"
016,District Law Enforcement,"174,691.98"
017,District Law Enforcement,"104,055.97"
018,District Law Enforcement,"187,266.30"
019,District Law Enforcement,"163,952.58"
020,District Law Enforcement,"165,673.42"
022,District Law Enforcement,"152,234.11"
024,District Law Enforcement,"141,078.49"
025,Central Homicide - Eval and Support Unit,"229,022.30"
045,Gang Team Area 2,965.11
050,Airport Law Enforcement - North,"259,131.73"
051,Airport Law Enforcement - South,"35,604.87"
055,District Law Enforcement,"17,405.25"
057,District Law Enforcement,"33,551.61"
059,Marine Unit,"37,438.31"
060,Helicopter Unit,"7,159.03"
079,Special Investigations Unit,"84,241.02"
102,Detached Services - Misc. Detail,"8,844.43"
111,Office of the Superintendent,"7,293.28"
114,Office of the Superintendent,"5,006.96"
115,District Law Enforcement,"15,648.99"
116,Deployment Operations Center,"49,932.53"
120,Narcotics Division,"7,266.05"
121,Detective Div. - Area 1,"90,537.10"
122,Finance Division,"5,161.23"
123,Human Resources Division,"94,803.73"
124,Education & Training Division,"149,433.94"
125,Public Safety Information Technology (PSIT),"20,630.12"
126,Inspection Division,"7,128.59"
127,Gang Team Area 1,"17,987.93"
128,District Law Enforcement,"2,817.98"
130,District Law Enforcement,"3,507.99"
131,District Law Enforcement,337.64
133,District Law Enforcement,"15,456.36"
134,District Law Enforcement,"2,577.07"
135,District Law Enforcement,"3,605.51"
136,District Law Enforcement,"4,351.08"
140,Office of the First Deputy Superintendent,"6,896.18"
142,District Law Enforcement,"10,311.94"
143,District Law Enforcement,"6,154.14"
145,Traffic Administration Unit,"87,735.20"
153,Special Functions Support,"62,218.01"
,,
February,GRAND TOTAL:,"11,120,415.12"
161,Airport Law Enforcement - South,"4,462.17"
163,District Law Enforcement,"1,395.46"
166,Juvenile Intervention Support Center(JISC),"21,298.95"
167,Evidence and Recovered Property Section,"1,206.29"
169,District Law Enforcement,"1,330.88"
171,District Law Enforcement,"61,034.22"
172,District Law Enforcement,"1,615.74"
177,Forensic Services Division,"58,032.16"
180,Bureau Of Detectives - Administration,"39,988.11"
181,Detective Div. - Area 3,"67,154.76"
184,Detective Div. - Area 2,"7,919.71"
187,Central Homicide - Eval and Support Unit,"25,150.25"
188,District Law Enforcement,993.20
189,Narcotics Division,"971,058.34"
191,Intelligence Division,"188,191.24"
192,Gang Team Area 3,"73,468.73"
193,Gang Investigation Division,"313,612.92"
195,Narcotics Division,"82,154.87"
196,Human Resources Division,"36,749.25"
211,District Law Enforcement,"184,758.31"
212,District Law Enforcement,"110,569.61"
213,Off. Deputy Chief A/3,"197,705.31"
222,District Law Enforcement,"5,429.01"
231,District Law Enforcement,308.09
241,Deployment Operations Center,"12,470.24"
261,Human Resources Division,"6,129.35"
277,Forensic Services Unit,"129,996.35"
311,Off. Deputy Chief A/l,"108,835.01"
312,Gang Team Area 2,"138,943.17"
313,District Law Enforcement,"114,187.31"
341,Canine Unit,"44,531.12"
353,Special Weapons & Tactical Unit,"149,918.85"
376,Central Detention Unit,"50,577.05"
384,Juvenile Intervention Support Center(JISC),"31,346.35"
441,Traffic Section-Detail Unit,"5,483.09"
442,Gang Investigation Division,"42,518.08"
541,Special Weapons & Tactical Unit,235.63
542,Detached Services - Govt Security Detail,"67,736.86"
543,Narcotics Division,"14,971.21"
545,District Law Enforcement,"2,994.79"
602,District Law Enforcement,"5,683.20"
603,Bomb and Arson Division,"39,650.54"
604,Central Homicide - Eval and Support Unit,"60,953.12"
606,Central Homicide - Eval and Support Unit,"223,355.61"
608,Major Accident Investigation Unit,"67,068.94"
610,Central Homicide - Eval and Support Unit,"731,018.39"
620,Detective Div. - Area 2,"493,265.23"
630,Forensic Services Unit,"606,812.37"
701,Public Transportation Section,"92,008.44"
702,CTA Security Unit,"1,366.63"
704,Transit Security Unit,"31,915.71"
711,District Law Enforcement,257.82
720,District Law Enforcement,"2,111.94"
721,Off. Deputy Chief A/2,"6,790.12"
,,
002,District Law Enforcement,"214,850.17"
003,District Law Enforcement,"115,513.68"
004,District Law Enforcement,"297,218.96"
005,District Law Enforcement,"299,112.33"
006,District Law Enforcement,"160,629.64"
007,District Law Enforcement,"277,119.19"
008,District Law Enforcement,"227,691.36"
009,District Law Enforcement,"242,929.35"
010,District Law Enforcement,"260,010.79"
Oil,District Law Enforcement,"138,531.54"
012,District Law Enforcement,"184,441.96"
014,Office of Communications,"136,925.72"
015,District Law Enforcement,"191,121.63"
016,District Law Enforcement,"159,138.95"
017,District Law Enforcement,"107,374.73"
018,District Law Enforcement,"227,707.42"
019,District Law Enforcement,"195,973.42"
020,District Law Enforcement,"184,416.12"
022,District Law Enforcement,"162,790.64"
024,District Law Enforcement,"140,901.05"
025,District Law Enforcement,"231,077.16"
044,Police Documents Section,92.46
045,Gang Team Area 2,"1,030.03"
050,District Law Enforcement,"303,915.12"
051,District Law Enforcement,"30,120.36"
055,District Law Enforcement,"14,746.34"
057,District Law Enforcement,"42,216.19"
059,District Law Enforcement,"53,326.61"
060,Helicopter Unit,"10,464.33"
079,Special Investigations Unit,"95,271.87"
102,Office of Communications,"7,833.41"
111,District Law Enforcement,"15,499.49"
114,Office of the Superintendent,"3,649.92"
115,Office of Crime Control Strategies,"19,425.00"
116,Deployment Operations Center,"53,065.91"
120,Narcotics Division,"9,808.88"
121,Human Resources Division,"95,851.51"
122,Finance Division,329.41
123,Detective Div. - Area 2,"119,775.52"
124,District Law Enforcement,"229,462.51"
125,District Law Enforcement,"33,817.96"
126,Inspection Division,"11,320.52"
127,District Law Enforcement,"27,384.50"
128,Education & Training Division,"1,882.71"
130,Public Safety Information Technology (PSIT),"5,056.75"
131,Domestic Violence,156.86
133,District Law Enforcement,"6,756.14"
134,Gang Investigation Division,"1,448.24"
135,Education & Training Division,"3,029.07"
136,VICE,"5,010.01"
140,Office of the First Deputy Superintendent,"8,616.94"
141,District Law Enforcement,"1,363.86"
142,District Law Enforcement,"7,799.90"
143,District Law Enforcement,"10,043.04"
,,
,OT REPORT - CITYWIDE BY UNIT 1/1/2017 - 12/31/2017,
March,"GRAND TOTAL: 11,937,636.01",
,,
145,District Law Enforcement,"109,746.83"
148,Traffic Court and Records Unit,"2,291.87"
153,Special Functions Support,"87,083.95"
161,General Support Division,"4,374.41"
163,Records Inquiry Section,"4,493.73"
166,District Law Enforcement,"29,760.01"
167,Evidence and Recovered Property Section,"1,987.55"
169,Police Documents Section,"6,675.98"
171,Central Detention Unit,"64,003.82"
172,District Law Enforcement,"3,231.48"
177,Forensic Services Division,"83,137.21"
180,Bureau Of Detectives - Administration,"50,020.14"
181,Detective Div. - Area 3,"89,143.10"
184,Special Investigations Unit,"6,076.77"
187,Central Homicide - Eval and Support Unit,"26,500.08"
188,Bureau of Organized Crime - Administration,825.07
189,Narcotics Division,"976,931.78"
191,Intelligence Division,"167,297.13"
192,Gang Team Area 3,"45,438.99"
193,Gang Investigation Division,"386,843.56"
195,Narcotics Division,"93,968.54"
196,Asset Forfeiture Section,"41,643.41"
211,District Law Enforcement,"165,660.56"
212,District Law Enforcement,"114,474.96"
213,District Law Enforcement,"157,063.77"
222,Timekeeping Unit - Headquarters,"3,485.09"
231,District Law Enforcement,437.60
241,District Law Enforcement,"12,357.04"
261,District Law Enforcement,"10,237.17"
277,Forensic Services Unit,"100,582.86"
311,District Law Enforcement,"102,785.69"
312,District Law Enforcement,"176,940.67"
313,Gang Team Area 3,"135,943.50"
341,Narcotics Division,"35,532.95"
353,Special Weapons & Tactical Unit,"199,119.49"
376,Gang Team Area 1,"56,472.45"
384,District Law Enforcement,"36,285.47"
441,Special Activities Section,"3,963.34"
442,District Law Enforcement,"68,034.65"
541,District Law Enforcement,"1,375.31"
542,Detached Services - Govt Security Detail,"65,534.68"
543,Narcotics Division,"22,453.52"
545,District Law Enforcement,"1,286.24"
602,District Law Enforcement,"7,707.70"
603,Bomb and Arson Division,"63,102.63"
604,Central Homicide - Eval and Support Unit,"70,840.66"
606,Central Homicide - Eval and Support Unit,"242,796.24"
608,District Law Enforcement,"58,152.50"
610,Detective Div. - Area 1,"727,317.66"
620,Detective Div. - Area 2,"529,345.42"
630,Detective Div. - Area 3,"652,714.71"
701,Public Transportation Section,"95,792.96"
702,CTA Security Unit,"2,733.26"
704,Transit Security Unit,"53,685.43"
711,Violence Reduction Unit - Central,121.23
,,
,OT REPORT - CITYWIDE BY UNIT 1/1/2017 - 12/31/2017,
April,"GRAND TOTAL: 11,715,142.09",
,,
001,District Law Enforcement,"278,843.01"
002,District Law Enforcement,"249,229.08"
003,District Law Enforcement,"157,580.99"
004,District Law Enforcement,"266,677.96"
005,District Law Enforcement,"341,655.63"
006,District Law Enforcement,"185,660.19"
007,District Law Enforcement,"287,769.01"
008,District Law Enforcement,"247,030.32"
009,District Law Enforcement,"253,168.68"
010,District Law Enforcement,"328,763.11"
Oil,District Law Enforcement,"93,910.57"
012,District Law Enforcement,"183,648.28"
014,District Law Enforcement,"148,840.34"
015,District Law Enforcement,"202,296.92"
016,District Law Enforcement,"163,546.17"
017,District Law Enforcement,"100,503.96"
018,District Law Enforcement,"180,131.06"
019,District Law Enforcement,"202,533.56"
020,District Law Enforcement,"156,896.87"
022,District Law Enforcement,"145,462.23"
024,Off. Deputy Chief A/3,"142,584.85"
025,District Law Enforcement,"224,519.61"
045,Gang Team Area 2,250.98
050,Airport Law Enforcement - North,"264,667.64"
051,Airport Law Enforcement - South,"35,364.38"
055,Gang Team Area 1,"23,205.09"
057,Traffic Administration Unit,"46,061.94"
059,Special Functions Support,"64,198.26"
060,Helicopter Unit,"8,330.60"
079,District Law Enforcement,"79,114.24"
102,District Law Enforcement,"8,172.98"
111,District Law Enforcement,"8,193.40"
114,District Law Enforcement,"5,950.17"
115,Office of Crime Control Strategies,"13,785.27"
116,Deployment Operations Center,"51,752.83"
120,Narcotics Division,"8,123.45"
121,Bureau of Internal Affairs,"97,131.02"
122,District Law Enforcement,"1,635.04"
123,Human Resources Division,"100,102.52"
124,Education & Training Division,"223,535.80"
125,Public Safety Information Technology (PSIT),"29,358.01"
126,District Law Enforcement,"9,167.66"
127,Field Services Section,"10,660.29"
128,Education & Training Division,259.68
129,District Law Enforcement,778.76
130,Bureau of Organizational Development,"4,661.24"
133,District Law Enforcement,"9,721.00"
134,Gang Investigation Division,993.76
135,Education & Training Division,"4,467.96"
136,District Law Enforcement,"4,528.90"
140,District Law Enforcement,"9,646.33"
141,District Law Enforcement,"6,607.13"
142,District Law Enforcement,"4,301.27"
143,District Law Enforcement,"6,870.92"
145,Traffic Administration Unit,"108,134.30"
,,
,OT REPORT - CITYWIDE BY UNIT 1/1/2017 - 12/31/2017,
April,"GRAND TOTAL: 11,715,142.09",
,,
153,Special Functions Support,"94,400.35"
161,Off. Deputy Chief A/2,"5,696.42"
163,Records Inquiry Section,"4,216.34"
166,District Law Enforcement,"29,793.36"
167,Evidence and Recovered Property Section,"1,591.23"
169,Police Documents Section,"2,039.47"
171,Central Detention Unit,"68,276.56"
172,District Law Enforcement,"1,077.16"
177,Field Services Section,"65,538.38"
180,Bureau Of Detectives - Administration,"35,781.18"
181,Detective Div. - Area 2,"82,056.13"
184,Special Investigations Unit,"7,860.57"
187,Detective Div. - Area 1,"27,405.83"
188,Gang Investigation Division,"1,625.64"
189,Narcotics Division,"879,274.35"
191,Intelligence Division,"165,537.69"
192,VICE,"76,101.32"
193,Gang Investigation Division,"344,350.20"
195,Narcotics Division,"63,413.92"
196,Asset Forfeiture Section,"40,785.79"
211,Off. Deputy Chief A/l,"180,679.06"
212,District Law Enforcement,"119,070.12"
213,Off. Deputy Chief A/3,"159,655.21"
222,District Law Enforcement,"11,493.00"
241,District Law Enforcement,"7,499.69"
261,Court Section,"10,702.27"
277,Forensic Services Unit,"117,249.07"
311,District Law Enforcement,"125,153.19"
312,Gang Team Area 2,"196,431.58"
313,District Law Enforcement,"131,502.57"
341,Forensic Services Unit,"40,318.38"
353,Special Weapons & Tactical Unit,"201,592.42"
376,Gang Team Area 1,"72,445.24"
384,Juvenile Intervention Support Center(JISC),"28,651.64"
441,Special Activities Section,"5,972.19"
442,Gang Investigation Division,"60,932.16"
541,Special Weapons & Tactical Unit,"1,077.16"
542,District Law Enforcement,"85,965.03"
543,Detached Services - Misc. Detail,"16,255.77"
545,District Law Enforcement,"3,336.18"
549,District Law Enforcement,"1,030.47"
602,District Law Enforcement,"4,710.47"
603,Off. Deputy Chief A/3,"48,137.89"
604,Central Homicide - Eval and Support Unit,"70,951.52"
606,Central Homicide - Eval and Support Unit,"211,496.12"
608,District Law Enforcement,"64,635.52"
610,Central Homicide - Eval and Support Unit,"680,778.20"
620,Detective Div. - Area 2,"529,452.79"
630,Detective Div. - Area 3,"587,461.69"
701,District Law Enforcement,"89,414.96"
702,CTA Security Unit,"2,170.53"
704,District Law Enforcement,"46,211.82"
720,District Law Enforcement,363.70
721,District Law Enforcement,"14,537.41"
,,
002,District Law Enforcement,"257,514.16"
003,District Law Enforcement,"139,755.35"
004,District Law Enforcement,"383,301.42"
005,District Law Enforcement,"416,459.10"
006,District Law Enforcement,"238,644.50"
007,District Law Enforcement,"435,372.85"
008,District Law Enforcement,"350,160.18"
009,District Law Enforcement,"452,198.32"
010,District Law Enforcement,"481,981.40"
Oil,District Law Enforcement,"259,889.38"
012,District Law Enforcement,"261,814.18"
014,District Law Enforcement,"261,276.35"
015,District Law Enforcement,"323,510.03"
016,Gang Team Area 3,"277,970.74"
017,District Law Enforcement,"210,065.76"
018,District Law Enforcement,"297,836.44"
019,District Law Enforcement,"266,045.99"
020,District Law Enforcement,"203,385.31"
022,District Law Enforcement,"204,339.76"
024,District Law Enforcement,"249,034.10"
025,District Law Enforcement,"355,002.80"
044,Recruit Training,104.58
045,Gang Team Area 2,"5,539.42"
050,District Law Enforcement,"359,308.50"
051,Airport Law Enforcement - South,"50,537.45"
055,Mounted Patrol Unit,"18,640.11"
057,District Law Enforcement,"41,598.03"
059,Marine Unit,"76,926.54"
060,District Law Enforcement,"10,094.56"
079,Detective Div. - Area 1,"123,116.31"
102,District Law Enforcement,"13,173.76"
111,Office of the Superintendent,"18,770.13"
114,District Law Enforcement,"10,390.51"
115,Office of Crime Control Strategies,"14,057.65"
116,District Law Enforcement,"85,759.63"
120,District Law Enforcement,"4,772.23"
121,Human Resources Division,"102,514.33"
122,Finance Division,324.61
123,Human Resources Division,"99,072.58"
124,District Law Enforcement,"265,062.46"
125,Public Safety Information Technology (PSIT),"24,185.16"
126,Inspection Division,"15,695.43"
127,Gang Team Area 1,"12,228.88"
128,District Law Enforcement,"4,493.52"
129,Management and Labor Affairs Section,696.04
130,District Law Enforcement,"2,266.43"
131,District Law Enforcement,"1,891.10"
133,District Law Enforcement,"12,167.11"
134,District Law Enforcement,"4,486.82"
135,Education & Training Division,"8,846.30"
136,District Law Enforcement,"9,281.56"
140,District Law Enforcement,"4,631.36"
141,District Law Enforcement,272.77
142,District Law Enforcement,"9,585.23"
,,
,OT REPORT - CITYWIDE BY UNIT 1/1/2017 - 12/31/2017,
May,"GRAND TOTAL: 15,141,359.42",
,,
143,Education & Training Division,"11,955.38"
145,District Law Enforcement,"121,229.97"
148,Traffic Court and Records Unit,"1,160.78"
153,Special Functions Support,"84,804.54"
161,Special Functions Division,"7,313.50"
163,District Law Enforcement,"8,259.41"
166,Field Services Section,"39,221.84"
167,Evidence and Recovered Property Section,"2,292.03"
169,Police Documents Section,"2,424.40"
171,District Law Enforcement,"72,724.09"
172,District Law Enforcement,"2,322.63"
177,District Law Enforcement,"73,844.59"
180,Detective Div. - Area 2,"34,897.50"
181,Detective Div. - Area 3,"77,632.66"
184,Special Investigations Unit,"7,993.76"
187,Central Homicide - Eval and Support Unit,"17,451.83"
188,District Law Enforcement,"4,174.79"
189,Narcotics Division,"948,056.01"
191,Intelligence Division,"193,968.35"
192,Off. Deputy Chief A/l,"96,428.49"
193,Gang Investigation Division,"416,999.81"
195,Narcotics Division,"92,640.44"
196,Intelligence Division,"39,001.89"
211,Off. Deputy Chief A/l,"218,375.92"
212,District Law Enforcement,"146,766.52"
213,Off. Deputy Chief A/3,"209,134.24"
222,District Law Enforcement,"3,953.90"
231,District Law Enforcement,"2,408.58"
241,Criminal Registration Unit,"7,912.34"
261,Human Resources Division,"11,848.87"
277,Forensic Services Unit,"140,200.16"
311,Off. Deputy Chief A/l,"155,757.70"
312,Gang Team Area 2,"265,475.97"
313,Gang Team Area 3,"189,770.90"
341,Violence Reduction Unit - South,"44,674.40"
353,Special Weapons & Tactical Unit,"155,321.94"
376,District Law Enforcement,"83,028.12"
384,Special Investigations Unit,"29,233.38"
441,Off. Deputy Chief A/l,"8,936.58"
442,Bomb Unit,"70,628.42"
542,Detached Services - Govt Security Detail,"115,994.80"
543,Narcotics Division,"12,315.82"
545,District Law Enforcement,"3,336.18"
602,District Law Enforcement,"15,237.50"
603,Off. Deputy Chief A/3,"63,880.37"
604,Detective Div. - Area 1,"77,663.43"
606,Central Homicide - Eval and Support Unit,"225,051.13"
608,Central Homicide - Eval and Support Unit,"56,745.72"
610,Detective Div. - Area 1,"831,357.87"
620,District Law Enforcement,"591,244.81"
630,Detective Div. - Area 3,"732,156.88"
701,Public Transportation Section,"125,809.31"
702,CTA Security Unit,"2,049.94"
704,Transit Security Unit,"69,575.78"
711,Violence Reduction Unit - Central,121.23
,,
001,Detective Div. - Area 1,"435,051.63"
002,District Law Enforcement,"246,726.76"
003,District Law Enforcement,"115,999.58"
004,Bomb and Arson Division,"342,499.42"
005,District Law Enforcement,"487,136.45"
006,District Law Enforcement,"225,826.17"
007,District Law Enforcement,"371,828.37"
008,District Law Enforcement,"259,657.44"
009,District Law Enforcement,"349,977.16"
010,District Law Enforcement,"451,235.75"
Oil,District Law Enforcement,"217,515.89"
012,Forensic Services Unit,"250,744.57"
014,District Law Enforcement,"288,923.98"
015,District Law Enforcement,"249,342.47"
016,District Law Enforcement,"193,912.52"
017,District Law Enforcement,"138,652.63"
018,District Law Enforcement,"361,799.51"
019,District Law Enforcement,"296,944.39"
020,District Law Enforcement,"167,795.50"
022,District Law Enforcement,"207,849.11"
024,District Law Enforcement,"170,795.63"
025,District Law Enforcement,"292,964.75"
045,Gang Team Area 2,"1,531.14"
050,Airport Law Enforcement - North,"317,087.96"
051,Airport Law Enforcement - South,"76,915.25"
055,Gang Team Area 2,"33,766.22"
057,Off. Deputy Chief A/2,"54,399.06"
059,Special Functions Support,"93,780.30"
060,Helicopter Unit,"10,352.95"
079,Special Investigations Unit,"106,404.97"
102,District Law Enforcement,"11,241.91"
111,Office of the Superintendent,"19,757.49"
114,District Law Enforcement,"7,078.44"
115,District Law Enforcement,"12,078.29"
116,Deployment Operations Center,"82,663.25"
120,Narcotics Division,"5,147.46"
121,Bureau of Internal Affairs,"104,327.49"
122,Finance Division,"1,258.44"
123,Human Resources Division,"91,272.62"
124,Education & Training Division,"274,265.00"
125,Public Safety Information Technology (PSIT),"29,020.30"
126,District Law Enforcement,"11,234.82"
127,Human Resources Division,"21,011.85"
128,Education & Training Division,"1,899.16"
129,District Law Enforcement,311.50
130,Bureau of Technical Services,"1,548.38"
131,Domestic Violence,"6,271.75"
133,Public Safety Information Technology (PSIT),"24,307.27"
134,District Law Enforcement,"1,631.36"
135,District Law Enforcement,"6,926.57"
136,Forensic Services Unit,"4,470.96"
140,District Law Enforcement,"5,484.38"
141,Special Functions Division,"2,025.37"
142,District Law Enforcement,"5,641.47"
143,District Law Enforcement,"8,789.88"
,,
,OT REPORT - CITYWIDE BY UNIT 1/1/2017 - 12/31/2017,
June,"GRAND TOTAL: 14,381,01733",
,,
145,Traffic Administration Unit,"137,806.56"
148,District Law Enforcement,376.47
153,Special Functions Support,"78,584.81"
161,Airport Law Enforcement - South,"12,284.49"
163,Traffic Section-Detail Unit,"5,262.72"
166,District Law Enforcement,"34,721.26"
167,Evidence and Recovered Property Section,"4,892.53"
169,Police Documents Section,877.07
171,Central Detention Unit,"101,661.70"
172,District Law Enforcement,"2,692.90"
177,Forensic Services Division,"101,072.51"
180,Detective Div. - Area 2,"31,749.63"
181,Detective Div. - Area 3,"77,459.48"
184,Detective Div. - Area 2,"2,364.25"
187,Central Homicide - Eval and Support Unit,"14,046.76"
188,District Law Enforcement,"1,476.55"
189,Gang Team Area 3,"817,475.56"
191,Intelligence Division,"124,207.44"
192,VICE,"86,384.07"
193,Gang Investigation Division,"339,604.66"
195,Gang Team Area 3,"69,086.70"
196,Asset Forfeiture Section,"25,581.04"
211,District Law Enforcement,"223,865.24"
212,District Law Enforcement,"129,582.94"
213,District Law Enforcement,"226,022.07"
222,District Law Enforcement,"15,684.32"
231,Summer Mobile Patrol,"1,185.18"
241,District Law Enforcement,"9,777.04"
261,Court Section,"11,558.72"
277,Forensic Services Unit,"172,419.89"
311,District Law Enforcement,"138,430.40"
312,Gang Team Area 2,"174,187.79"
313,Gang Team Area 3,"189,713.73"
341,Canine Unit,"73,134.96"
353,District Law Enforcement,"190,868.11"
376,Central Detention Unit,"92,646.21"
384,Special Investigations Unit,"36,818.59"
441,Special Activities Section,"7,894.49"
442,Bomb Unit,"93,178.19"
542,Detached Services - Govt Security Detail,"90,337.98"
543,Narcotics Division,"17,045.12"
545,District Law Enforcement,"4,019.50"
602,District Law Enforcement,"14,208.49"
603,District Law Enforcement,"68,254.60"
604,Central Homicide - Eval and Support Unit,"75,229.94"
606,Central Homicide - Eval and Support Unit,"237,684.46"
608,District Law Enforcement,"73,914.19"
610,Detective Div. - Area 1,"830,651.56"
620,Detective Div. - Area 2,"628,438.97"
630,Detective Div. - Area 3,"711,310.86"
701,Public Transportation Section,"124,221.48"
702,CTA Security Unit,"2,049.94"
704,District Law Enforcement,"61,305.32"
711,Violence Reduction Unit - Central,363.70
720,Grants Section,"5,434.79"
,,
001,Traffic Section-Detail Unit,"589,890.52"
002,District Law Enforcement,"336,173.93"
003,District Law Enforcement,"127,764.28"
004,District Law Enforcement,"411,627.42"
005,District Law Enforcement,"551,625.57"
006,District Law Enforcement,"298,158.46"
007,District Law Enforcement,"508,103.94"
008,District Law Enforcement,"400,617.19"
009,District Law Enforcement,"493,411.99"
010,District Law Enforcement,"509,502.18"
Oil,Gang Investigation Division,"225,493.37"
012,Recruit Training,"371,356.44"
014,District Law Enforcement,"322,172.81"
015,District Law Enforcement,"495,404.99"
016,District Law Enforcement,"320,061.08"
017,District Law Enforcement,"275,486.35"
018,District Law Enforcement,"520,651.81"
019,Recruit Training,"372,775.60"
020,District Law Enforcement,"269,439.14"
022,District Law Enforcement,"305,425.83"
024,District Law Enforcement,"282,678.59"
025,District Law Enforcement,"417,110.07"
045,Gang Team Area 2,"4,248.07"
050,Airport Law Enforcement - North,"376,322.78"
051,Airport Law Enforcement - South,"84,754.19"
055,Mounted Patrol Unit,"35,937.36"
057,Off. Deputy Chief A/2,"59,441.18"
059,Marine Unit,"125,420.39"
060,Helicopter Unit,"18,993.79"
079,District Law Enforcement,"109,938.31"
102,Office of Communications,"14,487.53"
111,District Law Enforcement,"10,763.69"
114,Office of Legal Affairs,"11,028.41"
115,Office of Crime Control Strategies,"24,036.09"
116,District Law Enforcement,"80,298.40"
120,District Law Enforcement,"8,828.97"
121,Bureau of Internal Affairs,"130,495.32"
122,Finance Division,690.08
123,Human Resources Division,"81,887.13"
124,Education & Training Division,"340,856.57"
125,Public Safety Information Technology (PSIT),"43,460.16"
126,District Law Enforcement,"18,828.09"
127,Gang Team Area 1,"32,368.99"
128,District Law Enforcement,"1,701.91"
129,Management and Labor Affairs Section,"2,246.29"
130,Bureau of Technical Services,"1,725.48"
131,District Law Enforcement,"7,913.06"
133,District Law Enforcement,"36,081.91"
134,District Law Enforcement,"2,914.53"
135,District Law Enforcement,"5,510.21"
136,Gang Investigation Division,"5,892.93"
140,Bureau of Organized Crime - Administration,"5,246.84"
141,Special Functions Division,"1,155.05"
142,District Law Enforcement,"4,973.08"
143,District Law Enforcement,"11,033.91"
,,
148,District Law Enforcement,681.13
153,Special Functions Support,"99,692.45"
161,Off. Deputy Chief A/2,"16,243.92"
163,Records Inquiry Section,"6,781.06"
166,District Law Enforcement,"63,411.83"
167,District Law Enforcement,"8,927.86"
169,Public Transportation Section,"4,118.66"
171,District Law Enforcement,"92,807.40"
172,District Law Enforcement,"2,154.32"
177,Field Services Section,"120,539.02"
180,Bureau Of Detectives - Administration,"30,822.83"
181,Detective Div. - Area 3,"74,643.22"
184,Special Investigations Unit,"5,694.43"
187,Detective Div. - Area 1,"24,393.31"
188,Bureau of Organized Crime - Administration,"5,672.20"
189,Narcotics Division,"1,017,093.62"
191,Intelligence Division,"193,893.09"
192,VICE,"117,657.32"
193,District Law Enforcement,"415,003.49"
195,Gang Team Area 3,"50,295.44"
196,Asset Forfeiture Section,"46,407.14"
211,District Law Enforcement,"311,355.38"
212,District Law Enforcement,"160,530.34"
213,District Law Enforcement,"263,825.10"
222,District Law Enforcement,"14,199.65"
231,Summer Mobile Patrol,"2,447.82"
241,District Law Enforcement,"17,459.26"
261,District Law Enforcement,"22,715.66"
276,OEC Detail,401.95
277,Forensic Services Unit,"197,163.26"
311,District Law Enforcement,"162,362.83"
312,Gang Team Area 2,"256,430.67"
313,Gang Team Area 3,"170,844.93"
341,Canine Unit,"49,805.62"
353,Marine Unit,"223,378.75"
376,Recruit Training,"114,513.86"
384,Narcotics Division,"52,007.78"
441,Traffic Section-Detail Unit,"11,396.04"
442,Bomb Unit,"86,806.87"
542,Detached Services - Govt Security Detail,"67,685.41"
543,Narcotics Division,"18,915.60"
545,District Law Enforcement,"5,104.76"
602,District Law Enforcement,"10,731.06"
603,District Law Enforcement,"59,797.70"
604,Detective Div. - Area 2,"73,070.60"
606,District Law Enforcement,"256,012.75"
608,District Law Enforcement,"77,690.50"
610,Detective Div. - Area 1,"959,161.71"
620,Detective Div. - Area 2,"628,853.89"
630,Detective Div. - Area 3,"723,180.99"
701,District Law Enforcement,"184,871.46"
702,CTA Security Unit,"5,747.88"
704,Transit Security Unit,"99,146.45"
711,Violence Reduction Unit - Central,242.46
,,
002,District Law Enforcement,"303,815.34"
003,District Law Enforcement,"156,791.50"
004,District Law Enforcement,"377,563.50"
005,District Law Enforcement,"591,607.70"
006,Off. Deputy Chief A/l,"454,738.33"
007,District Law Enforcement,"406,834.89"
008,District Law Enforcement,"367,056.30"
009,Special Events Unit,"433,742.47"
010,District Law Enforcement,"525,749.06"
Oil,District Law Enforcement,"386,813.89"
012,District Law Enforcement,"329,944.10"
014,District Law Enforcement,"284,142.83"
015,District Law Enforcement,"454,289.60"
016,District Law Enforcement,"258,483.49"
017,District Law Enforcement,"232,768.21"
018,District Law Enforcement,"512,423.35"
019,Detective Div. - Area 1,"387,898.08"
020,District Law Enforcement,"238,517.57"
022,District Law Enforcement,"244,949.82"
024,District Law Enforcement,"207,825.12"
025,District Law Enforcement,"320,098.62"
045,Violence Reduction Unit - South,"2,342.51"
050,District Law Enforcement,"366,116.28"
051,District Law Enforcement,"87,199.36"
055,District Law Enforcement,"39,540.04"
057,District Law Enforcement,"65,623.44"
059,Off. Deputy Chief A/2,"125,538.51"
060,District Law Enforcement,"16,684.68"
079,Detective Div. - Area 1,"127,662.23"
102,District Law Enforcement,"11,148.14"
111,Office of the Superintendent,"21,713.66"
114,District Law Enforcement,"12,406.11"
115,Education & Training Division,"24,601.75"
116,Deployment Operations Center,"100,323.70"
120,District Law Enforcement,"3,206.56"
121,District Law Enforcement,"135,365.84"
122,Finance Division,"3,090.10"
123,Detective Div. - Area 1,"34,481.69"
124,Education & Training Division,"258,828.84"
125,Public Safety Information Technology (PSIT),"22,034.19"
126,District Law Enforcement,"16,434.11"
127,District Law Enforcement,"16,480.12"
128,Court Section,857.48
129,District Law Enforcement,"2,219.46"
130,District Law Enforcement,"4,420.08"
131,Domestic Violence,"2,386.53"
133,Public Safety Information Technology (PSIT),"23,514.40"
134,District Law Enforcement,"1,639.59"
135,Office of Community Policing,"10,603.40"
136,District Law Enforcement,"7,756.43"
140,Office of the First Deputy Superintendent,"5,043.56"
142,District Law Enforcement,"6,719.82"
143,District Law Enforcement,"11,214.25"
145,Traffic Administration Unit,"128,730.12"
,,
,OT REPORT - CITYWIDE BY UNIT 1/1/2017 - 12/31/2017,
August,"GRAND TOTAL: 17,282,869.02",
,,
148,District Law Enforcement,"1,864.03"
153,Special Functions Support,"105,306.68"
161,Airport Law Enforcement - South,"16,720.60"
162,Records Division,269.29
163,Records Inquiry Section,"9,934.13"
166,District Law Enforcement,"58,287.68"
167,Evidence and Recovered Property Section,"12,276.04"
169,Public Transportation Section,663.62
171,Central Detention Unit,"92,959.58"
172,District Law Enforcement,"1,346.45"
177,Forensic Services Division,"116,209.77"
180,Bureau Of Detectives - Administration,"38,088.78"
181,Detective Div. - Area 3,"78,963.04"
184,Youth Investigation Section,"13,526.78"
187,Detective Div. - Area 1,"23,809.63"
188,District Law Enforcement,"3,133.70"
189,Narcotics Division,"985,927.83"
191,Intelligence Division,"123,544.73"
192,VICE,"79,108.07"
193,Gang Investigation Division,"375,863.46"
195,Narcotics Division,"76,000.85"
196,VICE,"46,496.76"
211,Off. Deputy Chief A/l,"302,406.75"
212,District Law Enforcement,"152,113.16"
213,District Law Enforcement,"196,991.09"
222,District Law Enforcement,"12,896.30"
231,Summer Mobile Patrol,"4,738.20"
241,District Law Enforcement,"19,587.42"
261,Court Section,"18,719.88"
277,Forensic Services Unit,"166,331.73"
311,Gang Team Area 1,"142,208.39"
312,Gang Team Area 2,"224,335.49"
313,Summer Mobile Patrol,"187,275.62"
341,Canine Unit,"69,835.49"
353,Special Weapons & Tactical Unit,"267,459.44"
376,District Law Enforcement,"98,742.88"
384,District Law Enforcement,"69,225.63"
441,Special Activities Section,"11,551.55"
442,Bomb Unit,"94,074.18"
542,Detached Services - Govt Security Detail,"100,922.54"
543,District Law Enforcement,"17,053.96"
545,District Law Enforcement,"4,903.78"
549,District Law Enforcement,515.23
602,District Law Enforcement,"10,840.89"
603,District Law Enforcement,"58,742.23"
604,Central Homicide - Eval and Support Unit,"62,570.53"
606,Central Homicide - Eval and Support Unit,"296,797.69"
608,District Law Enforcement,"102,786.56"
610,Detective Div. - Area 1,"928,472.52"
620,District Law Enforcement,"575,333.02"
630,Detective Div. - Area 3,"765,189.60"
701,Public Transportation Section,"175,651.79"
702,CTA Security Unit,"3,416.57"
704,District Law Enforcement,"94,390.68"
712,Violence Reduction Unit - South,789.56
,,
002,District Law Enforcement,"329,628.59"
003,District Law Enforcement,"229,120.87"
004,District Law Enforcement,"312,505.29"
005,District Law Enforcement,"325,458.10"
006,District Law Enforcement,"336,675.38"
007,District Law Enforcement,"364,851.10"
008,District Law Enforcement,"363,570.83"
009,District Law Enforcement,"391,603.90"
010,District Law Enforcement,"421,647.46"
Oil,District Law Enforcement,"373,117.69"
012,District Law Enforcement,"347,816.93"
014,District Law Enforcement,"242,230.45"
015,District Law Enforcement,"372,101.97"
016,District Law Enforcement,"297,444.88"
017,District Law Enforcement,"240,992.04"
018,District Law Enforcement,"360,962.17"
019,District Law Enforcement,"368,172.03"
020,District Law Enforcement,"248,531.86"
022,District Law Enforcement,"201,167.71"
024,District Law Enforcement,"263,664.96"
025,Asset Forfeiture Section,"385,507.55"
045,District Law Enforcement,"3,066.16"
050,Airport Law Enforcement - North,"317,830.48"
051,Airport Law Enforcement - South,"60,111.56"
055,Mounted Patrol Unit,"18,893.86"
057,District Law Enforcement,"46,268.35"
059,Off. Deputy Chief A/2,"69,320.20"
060,District Law Enforcement,"12,512.45"
079,Special Investigations Unit,"105,705.09"
102,Office of Communications,"12,955.87"
111,Office of the Superintendent,"18,902.17"
114,District Law Enforcement,"9,418.06"
115,District Law Enforcement,"21,887.83"
116,District Law Enforcement,"62,351.02"
120,District Law Enforcement,"2,659.95"
121,District Law Enforcement,"135,532.05"
122,Finance Division,"2,570.35"
123,District Law Enforcement,"30,666.26"
124,District Law Enforcement,"172,368.17"
125,District Law Enforcement,"30,375.77"
126,District Law Enforcement,"16,402.77"
127,District Law Enforcement,"19,354.61"
128,District Law Enforcement,"1,521.11"
129,District Law Enforcement,"2,842.47"
130,Bureau of Technical Services,"2,306.30"
131,District Law Enforcement,"1,751.42"
133,Public Safety Information Technology (PSIT),"20,478.60"
134,District Law Enforcement,"1,066.66"
135,District Law Enforcement,"11,765.83"
136,Forensic Services Unit,"12,217.21"
140,Bureau of Organizational Development,"2,644.90"
141,District Law Enforcement,914.27
142,District Law Enforcement,"6,567.24"
143,District Law Enforcement,"8,610.84"
,,
,OT REPORT - CITYWIDE BY UNIT 1/1/2017 - 12/31/2017,
September,"GRAND TOTAL: 14,697,775.75",
,,
145,Traffic Administration Unit,"132,572.47"
148,Traffic Court and Records Unit,784.31
153,Special Functions Support,"79,519.17"
161,District Law Enforcement,"11,137.64"
162,Records Division,269.29
163,District Law Enforcement,"7,355.49"
166,District Law Enforcement,"56,453.24"
167,Evidence and Recovered Property Section,"8,255.16"
171,District Law Enforcement,"55,208.15"
172,District Law Enforcement,"3,770.07"
177,Forensic Services Division,"79,170.97"
180,Detective Div. - Area 2,"24,757.44"
181,Detective Div. - Area 3,"101,589.47"
184,Youth Investigation Section,"16,412.01"
187,Detective Div. - Area 1,"22,798.87"
188,District Law Enforcement,"4,234.60"
189,Summer Mobile Patrol,"652,857.05"
191,Intelligence Division,"77,817.43"
192,Summer Mobile Patrol,"71,615.79"
193,Gang Investigation Division,"259,616.42"
195,Narcotics Division,"46,162.44"
196,Asset Forfeiture Section,"46,638.21"
211,District Law Enforcement,"267,518.84"
212,Off. Deputy Chief A/2,"159,723.88"
213,District Law Enforcement,"192,153.73"
222,District Law Enforcement,"4,353.05"
231,Medical Services Section,"8,949.66"
241,Troubled Buildings Unit,"12,378.52"
261,Court Section,"14,874.65"
276,District Law Enforcement,259.68
277,Forensic Services Unit,"153,581.20"
311,District Law Enforcement,"152,667.82"
312,Summer Mobile Patrol,"205,633.60"
313,Gang Team Area 3,"167,182.53"
341,Canine Unit,"51,832.05"
353,Marine Unit,"155,374.33"
376,Gang Team Area 1,"91,407.70"
384,Narcotics Division,"58,227.79"
441,District Law Enforcement,"9,910.35"
442,Bomb Unit,"60,381.72"
542,Detached Services - Govt Security Detail,"59,746.33"
543,Narcotics Division,"15,105.84"
545,District Law Enforcement,"2,170.53"
549,District Law Enforcement,515.23
602,Central Homicide - Eval and Support Unit,"8,287.80"
603,District Law Enforcement,"60,716.84"
604,Central Homicide - Eval and Support Unit,"51,625.88"
606,Central Homicide - Eval and Support Unit,"229,922.08"
608,Major Accident Investigation Unit,"82,092.22"
610,Detective Div. - Area 1,"758,891.41"
620,Detective Div. - Area 2,"594,180.08"
630,Detective Div. - Area 1,"666,678.66"
701,Public Transportation Section,"139,853.29"
702,CTA Security Unit,"2,049.94"
704,Transit Security Unit,"97,697.50"
,,
711,District Law Enforcement,636.47
712,Violence Reduction Unit - South,807.87
720,District Law Enforcement,"1,348.91"
721,District Law Enforcement,"12,083.58"
,,
,OT REPORT - CITYWIDE BY UNIT 1/1/2017 - 12/31/2017,
October,"GRAND TOTAL: 11,731,259.50",
,,
001,District Law Enforcement,"200,134.32"
002,District Law Enforcement,"198,365.43"
003,District Law Enforcement,"92,830.79"
004,District Law Enforcement,"213,898.93"
005,District Law Enforcement,"272,543.57"
006,Off. Deputy Chief A/l,"251,537.62"
007,District Law Enforcement,"278,816.84"
008,District Law Enforcement,"272,359.03"
009,District Law Enforcement,"237,676.13"
010,District Law Enforcement,"257,293.76"
011,Gang Investigation Division,"262,679.33"
012,District Law Enforcement,"237,107.04"
014,District Law Enforcement,"168,099.30"
015,District Law Enforcement,"219,282.80"
016,District Law Enforcement,"211,050.38"
017,District Law Enforcement,"138,954.59"
018,District Law Enforcement,"224,300.98"
019,District Law Enforcement,"288,854.46"
020,District Law Enforcement,"143,936.82"
022,District Law Enforcement,"155,765.97"
024,District Law Enforcement,"178,879.93"
025,District Law Enforcement,"264,551.15"
044,District Law Enforcement,278.88
045,Gang Team Area 2,721.56
050,Airport Law Enforcement - North,"249,531.90"
051,Airport Law Enforcement - South,"18,798.85"
055,District Law Enforcement,"21,560.52"
057,Off. Deputy Chief A/2,"51,673.32"
059,Troubled Buildings Unit,"42,246.45"
060,District Law Enforcement,"13,942.52"
079,Special Investigations Unit,"121,725.19"
102,District Law Enforcement,"7,902.99"
111,Criminal Registration Unit,"13,623.13"
114,District Law Enforcement,"24,719.64"
115,Office of Crime Control Strategies,"22,651.03"
116,Deployment Operations Center,"45,453.50"
120,Bureau of Organizational Development,"1,517.04"
121,Bureau of Internal Affairs,"113,544.69"
122,Finance Division,194.76
123,District Law Enforcement,"45,130.16"
124,District Law Enforcement,"237,667.08"
125,Public Safety Information Technology (PSIT),"21,613.53"
126,District Law Enforcement,"10,106.97"
127,District Law Enforcement,"11,269.72"
128,Education & Training Division,64.92
129,Management and Labor Affairs Section,654.68
130,Bureau of Technical Services,831.29
131,District Law Enforcement,121.23
133,Information & Strategic Services,"5,838.42"
134,Office of Legal Affairs,227.39
135,Education & Training Division,"16,889.02"
136,District Law Enforcement,"1,182.54"
140,Bureau of Organized Crime - Administration,"6,018.00"
141,Special Functions Division,"1,881.40"
142,Gang Team Area 1,"2,574.50"
,,
,OT REPORT - CITYWIDE BY UNIT 1/1/2017 - 12/31/2017,
October,"GRAND TOTAL: 11,731,259.50",
,,
143,District Law Enforcement,"8,013.18"
145,Traffic Administration Unit,"110,692.21"
148,Traffic Court and Records Unit,"1,599.99"
153,Special Functions Support,"101,382.14"
161,Criminal Registration Unit,"4,684.89"
163,Gang Team Area 3,"6,450.73"
166,Field Services Section,"54,275.46"
167,Evidence and Recovered Property Section,"3,241.37"
171,Central Detention Unit,"25,768.02"
172,District Law Enforcement,"1,615.74"
177,Forensic Services Division,"86,369.18"
180,Bureau Of Detectives - Administration,"25,315.84"
181,Detective Div. - Area 1,"69,588.16"
184,Special Investigations Unit,"10,347.70"
187,District Law Enforcement,"21,945.94"
188,District Law Enforcement,"2,468.05"
189,Narcotics Division,"718,426.79"
191,Intelligence Division,"131,320.43"
192,VICE,"53,220.34"
193,Gang Investigation Division,"286,400.30"
195,Narcotics Division,"42,822.01"
196,District Law Enforcement,"33,913.88"
211,Off. Deputy Chief A/l,"145,340.82"
212,Off. Deputy Chief A/2,"105,594.93"
213,Off. Deputy Chief A/3,"183,178.06"
222,District Law Enforcement,"4,985.12"
231,District Law Enforcement,"9,758.47"
241,District Law Enforcement,"10,210.48"
261,Court Section,"13,688.36"
277,Forensic Services Unit,"126,436.16"
311,Summer Mobile Patrol,"100,115.70"
312,District Law Enforcement,"134,203.45"
313,Gang Team Area 3,"178,129.97"
341,Canine Unit,"53,833.40"
353,Marine Unit,"245,853.25"
376,District Law Enforcement,"57,019.59"
384,Juvenile Intervention Support Center(JISC),"50,197.54"
441,Special Activities Section,"2,448.91"
442,Bomb Unit,"68,382.85"
542,Detached Services - Govt Security Detail,"66,847.80"
543,Narcotics Division,"16,198.14"
545,District Law Enforcement,"1,889.16"
602,Off. Deputy Chief A/3,"7,996.06"
603,Bomb and Arson Division,"45,205.70"
604,Central Homicide - Eval and Support Unit,"60,289.00"
606,Central Homicide - Eval and Support Unit,"220,909.22"
608,Major Accident Investigation Unit,"58,227.89"
610,Detective Div. - Area 1,"743,369.30"
620,Detective Div. - Area 2,"524,855.30"
630,Detective Div. - Area 3,"631,900.43"
701,District Law Enforcement,"124,444.24"
702,CTA Security Unit,"2,974.43"
704,Off. Deputy Chief A/3,"48,275.41"
711,District Law Enforcement,121.23
712,Alternate Response Section,188.23
,,
002,District Law Enforcement,"152,557.77"
003,District Law Enforcement,"70,055.95"
004,District Law Enforcement,"179,541.78"
005,District Law Enforcement,"229,836.86"
006,Off. Deputy Chief A/l,"224,422.58"
007,District Law Enforcement,"220,023.57"
008,District Law Enforcement,"225,057.96"
009,District Law Enforcement,"231,570.85"
010,District Law Enforcement,"283,825.99"
Oil,District Law Enforcement,"225,513.29"
012,District Law Enforcement,"210,715.54"
014,District Law Enforcement,"174,008.43"
015,District Law Enforcement,"200,397.66"
016,District Law Enforcement,"170,594.36"
017,District Law Enforcement,"135,762.58"
018,District Law Enforcement,"262,713.52"
019,District Law Enforcement,"198,388.28"
020,District Law Enforcement,"135,400.12"
022,District Law Enforcement,"146,526.46"
024,District Law Enforcement,"141,552.97"
025,District Law Enforcement,"201,472.98"
044,District Law Enforcement,232.28
050,District Law Enforcement,"173,857.55"
051,Airport Law Enforcement - South,"24,402.80"
055,District Law Enforcement,"9,111.41"
057,Traffic Section-Detail Unit,"24,760.15"
059,District Law Enforcement,"42,470.29"
060,District Law Enforcement,"7,109.64"
079,Special Investigations Unit,"113,802.25"
102,Office of Legal Affairs,"7,530.42"
111,Office of the Superintendent,"5,945.53"
114,Office of Legal Affairs,"25,886.69"
115,District Law Enforcement,"14,019.66"
116,District Law Enforcement,"46,661.86"
120,District Law Enforcement,415.53
121,Bureau of Internal Affairs,"73,651.06"
122,Finance Division,"2,077.48"
123,Human Resources Division,"55,158.20"
124,Off. Deputy Chief A/l,"129,132.67"
125,Public Safety Information Technology (PSIT),"16,869.49"
126,Inspection Division,"6,098.32"
127,District Law Enforcement,"14,600.92"
128,District Law Enforcement,"2,659.59"
129,District Law Enforcement,"1,090.26"
130,Bureau of Technical Services,"2,006.24"
131,District Law Enforcement,181.85
133,District Law Enforcement,"8,347.54"
134,Office of Legal Affairs,"5,392.11"
135,Education & Training Division,"5,570.69"
136,District Law Enforcement,"1,255.02"
140,Office of the First Deputy Superintendent,"6,210.11"
142,Gang Team Area 1,"5,262.76"
143,District Law Enforcement,"6,223.70"
145,Traffic Administration Unit,"76,150.05"
,,
,OT REPORT - CITYWIDE BY UNIT 1/1/2017 - 12/31/2017,
November,"GRAND TOTAL: 10,022,294.77",
,,
153,Special Functions Support,"68,651.24"
161,Criminal Registration Unit,"2,656.56"
162,Records Division,134.65
163,District Law Enforcement,"4,451.91"
166,District Law Enforcement,"30,436.11"
167,Evidence and Recovered Property Section,"3,207.00"
171,Central Detention Unit,"27,948.84"
172,District Law Enforcement,"1,615.74"
177,Forensic Services Division,"74,115.10"
180,Detective Div. - Area 3,"24,711.22"
181,Bureau Of Detectives - Administration,"61,399.73"
184,Youth Investigation Section,"13,741.46"
187,Special Investigations Unit,"20,720.57"
188,District Law Enforcement,"4,046.95"
189,Summer Mobile Patrol,"649,565.97"
191,Intelligence Division,"73,871.50"
192,Gang Team Area 3,"32,323.27"
193,Gang Investigation Division,"225,008.99"
195,Narcotics Division,"38,777.70"
196,Asset Forfeiture Section,"16,113.98"
211,Off. Deputy Chief A/l,"145,811.77"
212,District Law Enforcement,"101,515.11"
213,Off. Deputy Chief A/3,"115,788.72"
222,Timekeeping Unit - Headquarters,"11,314.79"
231,Summer Mobile Patrol,"3,129.62"
241,Criminal Registration Unit,"8,342.07"
261,Court Section,"9,458.02"
276,District Law Enforcement,389.53
277,Forensic Services Unit,"124,451.80"
311,Summer Mobile Patrol,"95,156.65"
312,District Law Enforcement,"128,753.93"
313,Gang Team Area 3,"99,421.24"
341,Canine Unit,"44,884.04"
353,Special Weapons & Tactical Unit,"203,562.20"
376,District Law Enforcement,"47,357.01"
384,District Law Enforcement,"44,912.24"
441,Special Activities Section,"3,940.82"
442,Gang Investigation Division,"51,187.43"
542,Detached Services - Govt Security Detail,"43,740.90"
543,Narcotics Division,"14,250.11"
545,District Law Enforcement,"1,728.38"
602,Off. Deputy Chief A/3,"3,201.01"
603,Bomb and Arson Division,"40,459.21"
604,Central Homicide - Eval and Support Unit,"56,809.49"
606,Central Homicide - Eval and Support Unit,"203,329.71"
608,District Law Enforcement,"46,718.48"
610,Detective Div. - Area 1,"670,908.48"
620,Detective Div. - Area 2,"484,092.08"
630,Detective Div. - Area 3,"521,806.96"
701,Public Transportation Section,"91,829.57"
702,CTA Security Unit,"3,778.33"
704,Transit Security Unit,"90,821.35"
711,District Law Enforcement,454.62
720,District Law Enforcement,424.31
721,District Law Enforcement,"1,303.24"
,,
,OT REPORT - CITYWIDE BY UNIT 1/1/2017 - 12/31/2017,
December,"GRAND TOTAL: 8,597,096.26",
,,
001,District Law Enforcement,"121,541.34"
002,District Law Enforcement,"115,921.46"
003,District Law Enforcement,"64,769.18"
004,District Law Enforcement,"170,853.25"
005,District Law Enforcement,"209,381.73"
006,District Law Enforcement,"228,786.06"
007,District Law Enforcement,"210,200.32"
008,District Law Enforcement,"188,278.19"
009,District Law Enforcement,"188,502.56"
010,District Law Enforcement,"265,865.83"
Oil,District Law Enforcement,"194,767.49"
012,District Law Enforcement,"144,469.79"
014,District Law Enforcement,"122,864.89"
015,District Law Enforcement,"194,266.96"
016,District Law Enforcement,"140,584.06"
017,District Law Enforcement,"88,692.59"
018,District Law Enforcement,"178,901.91"
019,Detective Div. - Area 1,"163,218.66"
020,District Law Enforcement,"86,407.48"
022,District Law Enforcement,"124,100.74"
024,District Law Enforcement,"104,081.52"
025,District Law Enforcement,"181,868.29"
044,District Law Enforcement,170.12
045,Gang Team Area 2,878.43
050,Airport Law Enforcement - North,"142,968.66"
051,Airport Law Enforcement - South,"47,753.63"
055,District Law Enforcement,"8,714.06"
057,Traffic Section-Detail Unit,"19,264.41"
059,Special Functions Support,"36,800.82"
060,Helicopter Unit,"8,602.44"
079,Detective Div. - Area 1,"106,687.68"
102,Office of Communications,"5,374.42"
111,Office of the Superintendent,"9,410.77"
114,Office of Legal Affairs,"22,120.01"
115,Office of Crime Control Strategies,"14,339.04"
116,Deployment Operations Center,"35,945.77"
120,District Law Enforcement,747.55
121,District Law Enforcement,"49,995.75"
122,Finance Division,486.91
123,Human Resources Division,"109,558.39"
124,District Law Enforcement,"136,785.87"
125,Public Safety Information Technology (PSIT),"11,744.28"
126,Inspection Division,"4,691.18"
127,Research and Development Division,"14,074.27"
128,Education & Training Division,"1,038.74"
129,District Law Enforcement,"1,362.83"
130,Bureau of Technical Services,"2,102.57"
131,District Law Enforcement,272.77
133,District Law Enforcement,"12,331.95"
134,Gang Investigation Division,"6,386.21"
135,Education & Training Division,"6,377.64"
136,District Law Enforcement,"2,423.00"
140,Office of the First Deputy Superintendent,"1,480.59"
142,Gang Team Area 1,"1,097.33"
143,District Law Enforcement,"6,506.55"
,,
,OT REPORT - CITYWIDE BY UNIT 1/1/2017 - 12/31/2017,
December,"GRAND TOTAL: 8,597,096.26",
,,
145,Traffic Administration Unit,"126,018.01"
148,Traffic Court and Records Unit,336.61
153,Special Functions Support,"90,207.26"
161,Off. Deputy Chief A/2,"4,637.70"
163,Records Inquiry Section,"4,053.16"
166,Field Services Section,"27,715.31"
167,Evidence and Recovered Property Section,"1,921.18"
169,Police Documents Section,826.75
171,Central Detention Unit,"27,459.44"
172,District Law Enforcement,"1,649.40"
177,Forensic Services Division,"66,946.91"
180,Bureau Of Detectives - Administration,"20,403.25"
181,Bureau Of Detectives - Administration,"57,011.57"
184,Detective Div. - Area 2,"3,675.38"
187,Central Homicide - Eval and Support Unit,"8,355.87"
188,District Law Enforcement,"3,199.48"
189,Narcotics Division,"470,786.40"
191,Intelligence Division,"81,512.83"
192,VICE,"25,222.82"
193,Gang Investigation Division,"172,243.17"
195,Narcotics Division,"33,766.12"
196,Asset Forfeiture Section,"11,029.57"
211,Off. Deputy Chief A/l,"93,071.68"
212,Off. Deputy Chief AJ2,"105,322.05"
213,District Law Enforcement,"98,903.60"
222,Timekeeping Unit - Headquarters,"15,136.86"
231,Medical Services Section,"3,388.81"
241,District Law Enforcement,"5,628.81"
261,Human Resources Division,"5,881.68"
277,Forensic Services Unit,"96,957.55"
311,Gang Team Area 1,"57,918.51"
312,Gang Team Area 2,"130,587.96"
313,District Law Enforcement,"82,000.48"
341,Canine Unit,"30,357.93"
353,Special Weapons & Tactical Unit,"211,028.75"
376,Alternate Response Section,"34,005.17"
384,Narcotics Division,"44,056.74"
441,Special Activities Section,867.99
442,Bomb Unit,"71,143.20"
542,Detached Services - Govt Security Detail,"38,848.72"
543,Narcotics Division,"7,394.39"
545,District Law Enforcement,401.95
602,District Law Enforcement,"3,000.51"
603,District Law Enforcement,"46,005.47"
604,Central Homicide - Eval and Support Unit,"44,025.11"
606,Central Homicide - Eval and Support Unit,"174,214.16"
608,District Law Enforcement,"59,157.26"
610,Detective Div. - Area 1,"549,215.12"
620,District Law Enforcement,"430,942.51"
630,Detective Div. - Area 3,"453,220.96"
701,Public Transportation Section,"91,031.42"
702,CTA Security Unit,"2,733.26"
704,Transit Security Unit,"52,989.39"
712,Violence Reduction Unit - South,129.84
720,District Law Enforcement,363.70
